last_name, first_name,pitch_hand,active_spin_fourseam,active_spin_sinker,active_spin_cutter,active_spin_changeup,active_spin_fastball,active_spin_slider,active_spin_curve
Smith, Riley,R,,87.4,32.5,95.1,,26.5,72.9
McCullers Jr., Lance,R,,75.1,26,94.1,,43.2,70.3
Sánchez, Cristopher,L,,98,,87.1,,11.4,
Alexander, Scott,L,,78.8,,92,,31.4,
Luetge, Lucas,L,,,43.9,,,45,85.8
Britton, Zack,L,,83.2,,,,45.1,
Stammen, Craig,R,,92.5,62.6,,,,72.3
Davies, Zach,R,,98.6,78,96.9,,,66
Kintzler, Brandon,R,,92.3,,96.6,,17.7,
Harris, Will,R,,,69.9,,,,89.1
Petricka, Jake,R,,94.6,,71.7,,17.5,
Holmes, Clay,R,,76.6,,,,20,72.3
Dolis, Rafael,R,,91.2,,,,36.1,
Northcraft, Aaron,R,,75.5,,87.9,,42.1,
Ramirez, Nick,L,,95,61.1,98.1,,30.4,
Borucki, Ryan,L,,95.8,,88.9,,18.5,
Arrieta, Jake,R,,85.1,,91,,42.9,78.3
Fernández, Junior,R,,96.8,,90.9,,39.1,
Hicks, Jordan,R,,92.7,31,,,,
Robertson, David,R,,,74.8,,,55.3,61.7
Manaea, Sean,L,,96.7,,94.7,,,26.6
Peacock, Matt,R,,94.3,,97.9,,11,
Kolarek, Adam,L,,93.4,,98.5,,43,
De León, José,R,,98,,97.8,,60.7,
McFarland, T.J.,L,,87.4,,96.8,,50.8,
Osich, Josh,L,,78.5,30.1,96.5,,36.3,
Crichton, Stefan,R,,96.8,,94.1,,,76.9
Antone, Tejay,R,,87,,,,53.4,85.4
de Geus, Brett,R,,85.2,28.2,,,,78.7
Lawrence, Justin,R,,84.9,,,,65.2,
Weber, Ryan,R,,93.4,,97.1,,,79.5
Matz, Steven,L,,99.4,,86.5,,39.6,82.3
Suero, Wander,R,,,60,69.4,,,71.2
Finnegan, Kyle,R,,98.8,,,,46.8,
Zeuch, T.J.,R,,88.5,38.1,97.6,,18.9,
Garcia, Bryan,R,,96.4,,97.3,,28.4,
Clase, Emmanuel,R,,,58.8,,,33.2,
Rowen, Ben,R,,77.3,,,,81.2,
Reed, Jake,R,,91.8,,,,27.1,
Loup, Aaron,L,,93.4,14.4,98.7,,,78.3
Sadler, Casey,R,,81.5,27.1,,,,62.4
Moll, Sam,L,,75.9,,,,39.9,
Mayza, Tim,L,,93.5,,,,18.3,
Diaz, Jhonathan,L,,90.4,,84.2,,54,
Hunter, Tommy,R,,77.4,53.3,,,,47.3
Pop, Zach,R,,81.6,,,,32.9,
Jansen, Kenley,R,,93.8,78.2,,,48.1,
González, Victor,L,,99.3,,,,15.9,
Valdez, Phillips,R,,96.4,,87,,37.7,
Castro, Miguel,R,,97.5,,92.2,,47.5,
Milner, Hoby,L,,97.1,,99,,,65.1
Lucchesi, Joey,L,,87.6,85.1,,,,30.8
Bleier, Richard,L,,81.7,38,,,53.7,
Cousins, Jake,R,,97.5,,,,39.3,
Barnes, Charlie,L,,97.7,,99.2,,21.9,61.1
Rogers, Taylor,L,,94.4,,,,43.1,
Bummer, Aaron,L,,83.1,16.5,,,82.1,
Yardley, Eric,R,,99.2,,99.4,,,71.3
Bruihl, Justin,L,,70.2,36.7,,,53.8,
Romano, Sal,R,,82.2,,,,19.9,36
Anderson, Brett,L,,93.5,56.4,94,,43.1,71.6
Crouse, Hans,R,,99.6,,98,,31.9,
Greene, Shane,R,,89.2,42.2,90,,51.5,
Wood, Alex,L,,99.1,,94.4,,25.9,
Uceta, Edwin,R,,96.2,,89.1,,,37
Dobnak, Randy,R,,88,,97.1,,20.4,
Santana, Edgar,R,,81.2,,,,14.3,
Elledge, Seth,R,,96.9,,,,56.1,
Poppen, Sean,R,,94.7,,96.5,,61.2,
Fleming, Josh,L,,92.2,47.2,82.4,,,61.2
Emanuel, Kent,L,,89.8,,86,,50,
Dunning, Dane,R,,78.4,35.8,99,,58.9,97.9
Clay, Sam,L,,90.9,,88.7,,33.2,
Scrubb, Andre,R,,,68.8,,,34,88.7
Sherriff, Ryan,L,,93,,,,28.9,
García, Luis,R,,85.4,,,,43.7,
Wade, Konner,R,,95.9,62.4,99.4,,,
King, John,L,,83.3,53.2,95.5,,37.8,
Yarbrough, Ryan,L,,97.4,40.5,93,,,73.6
Barnes, Matt,R,99.7,,,92.4,,,69.8
Mahle, Tyler,R,99.7,,,,,39.5,
Neidert, Nick,R,99.6,,,98.1,,39.5,85
Anderson, Ian,R,99.6,,,98.6,,,64.1
Santiago, Héctor,L,99.6,,,89.5,,40.2,
Banda, Anthony,L,99.6,,,96.1,,,45.9
Williams, Devin,R,99.5,99.4,35.5,79,,,
Greene, Conner,R,99.5,99.6,,98.3,,27.2,54.9
Robles, Hansel,R,99.5,,,95.3,,41.5,
Hammer, JD,R,99.5,,,,,31,
Gray, Josiah,R,99.5,,,99.2,,24.8,23.7
Gomber, Austin,L,99.5,,,96.3,,34.8,93.6
Richards, Trevor,R,99.4,,,76.4,,,18.9
Baragar, Caleb,L,99.4,,,,,35.3,
Burrows, Beau,R,99.4,,,98.1,,22.8,
Smyly, Drew,L,99.3,,70.7,,,,26.6
Heaney, Andrew,L,99.3,,,99.2,,,42.1
Plesac, Zach,R,99.3,,,98.8,,54.2,62.5
Giolito, Lucas,R,99.3,,,98.7,,28.4,76.2
Cotton, Jharel,R,99.2,,,77.4,,30,68.2
Odorizzi, Jake,R,99.2,,63,,,47.2,66.7
Whitley, Kodi,R,99.2,,,99.3,,43.7,
Morgan, Eli,R,99.1,,91.2,85.7,,35.8,67.6
Harvey, Hunter,R,99.1,,,91.9,,30.2,83.8
Rogers, Josh,L,99.1,,,99.2,,17.8,
Gallegos, Giovanny,R,99.1,,,98.3,,13.1,
Kowar, Jackson,R,99.1,,,86.5,,43.8,76.9
Stanek, Ryne,R,99.1,,,,,21.9,
García, Jarlín,L,99.1,,,98.4,,37.1,
Lowther, Zac,L,99,,,99.2,,54.3,94.2
Hader, Josh,L,99,,,97.6,,17.5,
Weems, Jordan,R,99,,,95.7,,37.3,
Urquidy, José,R,99,,,97.7,,51.8,81.2
Perez, Francisco,L,99,,,99.3,,24.9,
Doolittle, Sean,L,98.9,,,,,44.4,37.7
Santos, Antonio,R,98.9,,,97.9,,39.1,51.5
Weathers, Ryan,L,98.9,99.1,,97.9,,36.2,
Brebbia, John,R,98.9,,,,,40.2,
Swanson, Erik,R,98.8,,,,,31,
Gose, Anthony,L,98.8,,,,,57.8,
Cabrera, Génesis,L,98.8,95.8,,98.9,,,74.7
Bowden, Ben,L,98.8,,,98.8,,20.9,
Nolin, Sean,L,98.8,,47.6,96.4,,,93.7
Tropeano, Nick,R,98.8,97.6,,98.9,,19.6,
Smith, Caleb,L,98.8,,,99.4,,34.8,53.7
Hoffman, Jeff,R,98.7,,,98.6,,45.3,83.7
Springs, Jeffrey,L,98.7,,,98.8,,31.2,
Abreu, Albert,R,98.7,99,,98.8,,27.9,
Estévez, Carlos,R,98.7,,,94.5,,34.1,
Eickhoff, Jerad,R,98.6,,,82.3,,31.7,59.7
Faria, Jake,R,98.6,,,,,41.3,94
Kuhl, Chad,R,98.6,97.1,,95.5,,31.1,74.3
Jackson, Andre,R,98.6,,,89.6,,57.1,
Paddack, Chris,R,98.6,,,93,,,96.9
Heasley, Jon,R,98.6,98.8,,96,,,69.5
Conley, Adam,L,98.5,,,97.1,,16.5,
Wacha, Michael,R,98.5,97.7,55.8,89.1,,,83.7
Luzardo, Jesús,L,98.5,98.3,,98.4,,,12.9
Benjamin, Wes,L,98.4,,29.5,97.1,,,70.4
Gonzales, Marco,L,98.4,99.5,73.9,96.6,,,77.7
Diekman, Jake,L,98.4,98.5,,,,36.3,
Holland, Derek,L,98.4,98.8,,95.5,,,18
Kazmir, Scott,L,98.4,,,96.1,,60.8,
Thorpe, Lewis,L,98.4,,,96.6,,52.7,85.1
Long, Sammy,L,98.4,,,93.6,,52.1,73.4
Johnson, Pierce,R,98.3,,,,,,52.1
Heuer, Codi,R,98.3,,,88.1,,33.9,
Cole, Gerrit,R,98.3,98.6,,98.7,,26,74.1
Anderson, Tyler,L,98.3,97.2,46.7,97.3,,,49.6
Canning, Griffin,R,98.3,,,94.7,,14,39.2
Irvin, Cole,L,98.3,96.9,,98.9,,18.7,54.9
Vesia, Alex,L,98.3,,,99.6,,37.6,
Moore, Matt,L,98.2,,74.1,98.4,,,64.9
Ryu, Hyun Jin,L,98.1,,54.8,99.3,,27.8,83.5
Bergen, Travis,L,98,,,,,,31.7
De Los Santos, Enyel,R,98,,,99.5,,12.5,
Walker, Taijuan,R,98,96.8,,,,35.8,72.8
Stephenson, Robert,R,98,,,,,35,55.7
Ynoa, Huascar,R,97.9,97.7,,99,,34.4,
Ríos, Yacksel,R,97.9,96.3,,,,30,
Wilson, Justin,L,97.9,,57.5,,,37.6,
Hill, Tim,L,97.9,96,,,,46.1,
Lauer, Eric,L,97.9,,69.2,97.1,,44.7,46.9
Stashak, Cody,R,97.8,,,,,28.6,
Foster, Matt,R,97.8,,75.3,96.4,,36.8,
Buchter, Ryan,L,97.8,,50.6,,,,57
Harvey, Matt,R,97.8,97.9,,97.8,,31.7,62.6
Díaz, Edwin,R,97.7,,,,,28.1,
Whitlock, Garrett,R,97.7,97.9,,91.5,,29.6,
Detmers, Reid,L,97.7,98.8,,97,,31.1,92.7
Gausman, Kevin,R,97.6,,,93.4,,18.8,
McGee, Jake,L,97.6,,,,,22.4,
Wells, Alexander,L,97.6,,,98.5,,31.6,76.1
Rodón, Carlos,L,97.6,,,98.9,,28.3,63.5
Kennedy, Ian,R,97.5,,37,97.7,,,64.4
Hudson, Daniel,R,97.5,,,96.9,,22.7,
Goudeau, Ashton,R,97.5,,,99,,,84.7
Mears, Nick,R,97.5,,,,,,73.6
Rodríguez, Richard,R,97.4,,,,,47.3,
Jax, Griffin,R,97.4,,,99.4,,41.3,66.1
Vest, Will,R,97.4,,,99.3,,32.3,
Littell, Zack,R,97.4,,,,,43.2,
Howard, Sam,L,97.4,,,97.1,,25.6,
Pivetta, Nick,R,97.4,,,98.5,,34.4,94.3
Sulser, Cole,R,97.3,,,82.4,,39.4,71.8
Bieber, Shane,R,97.3,,39.3,98.6,,16.8,83.8
Pérez, Martín,L,97.3,97.1,61.3,99.4,,,40.7
Cobb, Alex,R,97.3,96.8,,,,,58.1
Diaz, Miguel,R,97.3,,,93.4,,40.5,
Means, John,L,97.2,,,98.1,,52.7,56.2
Brogdon, Connor,R,97.2,,62,99.4,,,
Evans, Demarcus,R,97.2,,53,,,27.5,
McKenzie, Triston,R,97.2,,,96.9,,42.3,67.9
Sborz, Josh,R,97.2,,,,,11,79
Colomé, Alex,R,97.1,,51,,,,
Steckenrider, Drew,R,97.1,,,97.9,,,49.5
Strahm, Matt,L,97.1,99.1,,95.2,,36,35.1
Bednar, David,R,97.1,,,,,,77
Webb, Jacob,R,97,,,96.9,,,73.2
Wisler, Matt,R,96.9,,,,,25.8,
Meisinger, Ryan,R,96.9,94.2,,96.9,,19.9,
Ryan, Joe,R,96.9,,,99.7,,21.5,76.9
García, Deivi,R,96.9,,,99.2,,39.7,79.1
Guerra, Deolis,R,96.9,96.3,,92,,34.9,97.7
Akin, Keegan,L,96.9,,,95.3,,29,46.2
Nola, Aaron,R,96.9,95.7,46.5,99.3,,,86.6
Eovaldi, Nathan,R,96.9,,69.2,,,43,78
Albers, Andrew,L,96.9,97.6,,98.9,,26.5,79
McClanahan, Shane,L,96.8,,,98.7,,22.8,54.8
Ponce de Leon, Daniel,R,96.8,,59.5,97.4,,,70
Gant, John,R,96.8,96.3,27,96.5,,33.3,79.2
Overton, Connor,R,96.8,96.1,,97.6,,11.5,86
Milone, Tommy,L,96.7,,,95.4,,26.5,39.6
Duffy, Danny,L,96.7,94.3,,92.3,,40.4,92.5
Kriske, Brooks,R,96.6,,,,,25.7,
Brothers, Rex,L,96.6,,,,,13.4,
Barlow, Joe,R,96.6,,,,,44.5,59.6
Bass, Anthony,R,96.6,94.2,,,,36.7,
Jefferies, Daulton,R,96.6,98,72.8,97.7,,,44.8
Mills, Wyatt,R,96.6,89.7,,,,23.8,
López, Jorge,R,96.6,94.8,,98.3,,23.8,73
Pearson, Nate,R,96.5,,,,,34.2,
Sawamura, Hirokazu,R,96.5,,,,,24.2,
Megill, Tylor,R,96.5,,,98.2,,22.3,54.9
Nelson, Nick,R,96.5,,,99.3,,40.6,78.9
Acevedo, Domingo,R,96.4,,,97.6,,56.1,
Patton, Spencer,R,96.4,,,,,31.3,
Clippard, Tyler,R,96.3,94.8,,97.4,,45.7,67.3
Howard, Spencer,R,96.3,95.6,45.7,99.3,,48.2,99
Kopech, Michael,R,96.3,,,90.9,,42.3,67.8
Archer, Chris,R,96.2,,,92.1,,36.2,
Hendriks, Liam,R,96.2,,,,,21,64.7
Guerra, Javy,R,96.2,97.4,,,,58.9,50.4
Bettinger, Alec,R,96.2,,57.1,,,,83.9
Quantrill, Cal,R,96.1,96.4,,97.3,,34.6,30.1
Shreve, Chasen,L,96.1,,,,,41.6,
Abbott, Cory,R,95.9,,,95.3,,58.1,66.6
Kranick, Max,R,95.9,,,99.4,,55.4,54.8
López, Reynaldo,R,95.9,,,92.3,,43.1,73.2
Peralta, Wily,R,95.9,97.3,,,,16.2,
Dayton, Grant,L,95.8,,,,,,69.9
Mejía, Humberto,R,95.8,96.7,,89.5,,34.6,65.9
Lambert, Jimmy,R,95.8,,,99.2,,39.4,93
Farmer, Buck,R,95.8,,,89.8,,13,
Lambert, Peter,R,95.7,,,99.5,,,96.8
Santillan, Tony,R,95.7,,,96.8,,43.2,
Jackson, Luke,R,95.7,,,,,41.9,71.8
Allard, Kolby,L,95.7,,46.8,99,,,74.6
Chafin, Andrew,L,95.7,94.4,,,,27.4,
Foltynewicz, Mike,R,95.7,95,,98.1,,24.9,40.9
Peralta, Wandy,L,95.6,95.6,,88.1,,28.6,
Alcala, Jorge,R,95.6,93.5,,97.1,,29.9,
Feliz, Michael,R,95.6,,,98,,40.7,
Baldonado, Alberto,L,95.5,,,98.7,,40.9,
Gray, Jon,R,95.5,,,97.9,,31.1,80.2
Cole, A.J.,R,95.5,,69.7,,,26.4,43.3
Crochet, Garrett,L,95.4,,,99,,33.4,
Kremer, Dean,R,95.4,,51.8,93.1,,,90.5
Newsome, Ljay,R,95.4,,,79.5,,,37.9
Solomon, Peter,R,95.4,,36.3,88.1,,33.1,92.1
Weaver, Luke,R,95.4,,54.5,85.8,,,51.8
Workman, Brandon,R,95.3,,45.4,,,,83.9
Knight, Dusten,R,95.3,,,78.3,,,80.2
Fiers, Mike,R,95.3,93.1,,87,,57.4,88.6
Dunn, Justin,R,95.3,,,87.9,,39.6,56.1
Machado, Andres,R,95.3,92.2,,92.4,,37.3,
Sampson, Adrian,R,95.3,98.7,14.5,99.2,,34,
Kikuchi, Yusei,L,95.3,,56.8,87.3,,31.6,
Cody, Kyle,R,95.2,94.7,,99.1,,51,
Roark, Tanner,R,95.2,94.1,,99.5,,64.5,85.5
Falter, Bailey,L,95.2,94.8,,95.2,,57.9,54
Baumann, Mike,R,95.2,,,,,46.2,87.7
Karinchak, James,R,95.1,,,,,,53.4
Devenski, Chris,R,95.1,,,86.7,,49.8,
Anderson, Nick,R,95.1,,,,,,14.5
Detwiler, Ross,L,95.1,94.4,23.3,94.7,,,68.8
Krehbiel, Joey,R,95,,40.2,94.9,,,
Peterson, David,L,95,95.6,,98.8,,25.1,
Snead, Kirby,L,95,96.8,,97.5,,42.8,
Arihara, Kohei,R,94.9,93.7,58.6,89.4,,29.3,81.9
LeBlanc, Wade,L,94.8,94.2,64.2,99,,,64.6
DeSclafani, Anthony,R,94.8,93.4,,97.2,,35.4,70.8
Oviedo, Luis,R,94.8,,,91.2,,42,95.7
Staumont, Josh,R,94.7,88.8,,,,,84.6
Ellis, Chris,R,94.6,,,94.2,,25.6,54.9
Tepera, Ryan,R,94.6,97.6,,91.4,,35.3,
Tate, Dillon,R,94.6,92.2,,99.1,,26.2,
Plutko, Adam,R,94.6,,61.8,,,38.6,70.3
Bradley, Archie,R,94.6,95.2,,98.5,,,78.4
Núñez, Darien,L,94.6,,,97.7,,,
Miller, Shelby,R,94.5,,51.9,,,62.2,
Skubal, Tarik,L,94.5,94.2,,97.8,,27.3,82.7
Oswalt, Corey,R,94.5,,,81.9,,40,
deGrom, Jacob,R,94.4,,,89.9,,34.3,
Stock, Robert,R,94.4,,26.7,93.7,,42.1,
Foley, Jason,R,94.4,92.6,,,,30.6,
Kelly, Joe,R,94.4,93,,98.3,,,62.2
Alvarado, José,L,94.3,93.1,32.5,,,,58.8
Gilbert, Logan,R,94.2,,,97.7,,36.4,72.2
Wells, Tyler,R,94.2,95.5,,96.3,,49.4,54.8
Anderson, Chase,R,94.2,93.6,47.5,99.6,,,91.9
Javier, Cristian,R,94.1,,,97.1,,39.7,81.1
Sanchez, Aaron,R,94,92.4,,97.9,,,80.8
Merryweather, Julian,R,94,,,95.6,,16.7,88.9
Anderson, Drew,R,94,,,93.9,,28.3,78.9
Alexy, A.J.,R,93.9,,,92.1,,46.3,92.1
Feyereisen, J.P.,R,93.9,,,89.9,,28.1,
Brice, Austin,R,93.9,95.7,,,,,39.2
Cortes, Nestor,L,93.8,92.1,40.4,98.5,,45.4,
Hendricks, Kyle,R,93.8,86.7,,87.3,,,81.1
Álvarez, José,L,93.8,93.9,51,89.2,,33.6,
Lange, Alex,R,93.8,,,96.9,,59.6,
Gonsolin, Tony,R,93.7,,,,,27.2,69.1
Stripling, Ross,R,93.7,,,91.3,,41,75.7
Rainey, Tanner,R,93.7,,,,,21.4,
Coonrod, Sam,R,93.7,91.4,,93.9,,34.6,
Smith, Joe,R,93.7,95.8,,97.4,,56.7,
Smith, Will,L,93.6,,,,,22.8,57.7
Espino, Paolo,R,93.6,,,92.2,,60.8,98.4
Klobosits, Gabe,R,93.6,,,,,21.9,
Cabrera, Edward,R,93.6,,,97.4,,23.4,57.2
Cueto, Johnny,R,93.5,93.3,,79.8,,33,20.5
Snell, Blake,L,93.5,,,97.5,,26.7,79.8
Hess, David,R,93.5,,,99.1,,41.3,
Bauer, Trevor,R,93.5,91.7,26.5,91.5,,60.2,93.9
Mayers, Mike,R,93.5,,64,,,19.5,
Lugo, Seth,R,93.5,92,,95.1,,40.3,84.6
Rodriguez, Chris,R,93.4,92.7,,97.4,,32.6,75.9
Ruiz, José,R,93.3,,,88.8,,49.4,48.5
Hill, Rich,L,93.3,88.1,47.1,95.5,,33.7,94.8
Krol, Ian,L,93.2,94.2,,96.1,,34.2,79.9
Shoemaker, Matt,R,93.2,92.1,,,,17.8,43.6
Hernández, Carlos,R,93.2,93.9,,93.4,,26.3,65.9
Brault, Steven,L,93.1,92.5,,92.2,,31.3,66.8
Wieck, Brad,L,93.1,,,,,,95.6
Tapia, Domingo,R,93.1,92.6,,97.9,,35.1,
Misiewicz, Anthony,L,93,,36.4,,,,61.7
Davis, Austin,L,93,,,98.3,,34.4,
Ray, Robbie,L,93,,,96.7,,41.9,13.4
May, Dustin,R,92.9,90.6,30.2,,,,58.5
Bedrosian, Cam,R,92.9,,,,,53.5,
López, Yoan,R,92.9,,,,,41.8,
Hembree, Heath,R,92.9,,,,,31.9,
Watson, Tony,L,92.9,95,,99.2,,16.9,
Ponce, Cody,R,92.9,,49.9,99.5,,28.1,79.4
Margevicius, Nick,L,92.9,,,,,64.2,76.2
Brubaker, JT,R,92.8,90,,89.8,,19.3,59.4
Rodriguez, Nivaldo,R,92.8,98.3,,92.7,,42.4,42.5
Kimbrel, Craig,R,92.8,,,,,,62.4
Allen, Logan,L,92.7,93.9,,97.3,,39.7,74.3
Keller, Kyle,R,92.7,,,,,,57.5
Rucker, Michael,R,92.6,,30,94.3,,29.6,73.9
Jackson, Jay,R,92.6,,,,,29.1,
Abad, Fernando,L,92.5,91.3,21.8,99.6,,,66.7
Houser, Adrian,R,92.5,89.8,,87.8,,34.8,94.6
Lorenzen, Michael,R,92.5,92.5,39.5,98.4,,31.4,81.4
Abreu, Bryan,R,92.5,,,,,32.5,68.1
Zuber, Tyler,R,92.4,,,92.3,,44,72.1
Chavez, Jesse,R,92.4,93.2,64,97.1,,37.5,
Rodríguez, Joely,L,92.3,91,,96.5,,31.8,
Mize, Casey,R,92.3,93.1,,,,28.6,81.3
Romano, Jordan,R,92.2,96.3,,,,23.6,
Ginkel, Kevin,R,92.2,,,,,29.7,
Clarke, Taylor,R,92.1,,,93,,28.7,72.8
Lyles, Jordan,R,92.1,84.5,28.7,98.4,,37.7,80
Warren, Austin,R,92.1,95.1,,,,23.3,
Alzolay, Adbert,R,92.1,93.1,50,93.2,,37.8,36.7
Okert, Steven,L,92,91.2,,,,41.3,
Berríos, José,R,92,96.2,,95.4,,,52.5
Flexen, Chris,R,92,,53.9,98.5,,,72
Sale, Chris,L,92,93.9,,99.3,,61.8,
Webb, Tyler,L,92,91.1,,98.7,,,61.7
Wittgren, Nick,R,92,,36.6,81,,31.2,
Baz, Shane,R,91.9,,,97.3,,13.1,73.6
Price, David,L,91.9,92.7,57.6,99.1,,,59.9
Morton, Charlie,R,91.9,94.3,23.1,99.3,,,79
Sanmartin, Reiver,L,91.8,89.3,,86.1,,24,
Swarzak, Anthony,R,91.8,,,,,27.6,
Curtiss, John,R,91.8,,,,,22.6,
Herget, Jimmy,R,91.8,90.3,,,,22.3,58.4
Underwood Jr., Duane,R,91.7,85.3,47.4,92.3,,,72.5
Gutierrez, Vladimir,R,91.7,,,97.4,,31.1,72.5
Naughton, Packy,L,91.7,92.3,,92.1,,29.4,
Cahill, Trevor,R,91.5,87.5,27.8,87.7,,,67.2
Strasburg, Stephen,R,91.5,88.5,,84.6,,,74.5
Santana, Dennis,R,91.5,91.2,,90,,26.8,
Gilbert, Tyler,L,91.5,92.3,51.5,,,,75.5
Martin, Chris,R,91.4,86.9,45.5,84.9,,64.7,
Garrett, Amir,L,91.4,,,,,19.3,
Camarena, Daniel,L,91.4,95.1,,99.5,,18.9,70.1
Gsellman, Robert,R,91.4,92.7,,99.4,,46,
Brach, Brad,R,91.4,92.8,,79.1,,34,
Brasier, Ryan,R,91.3,,,,,34.6,71.9
Hernandez, Elieser,R,91.3,91.5,,91.7,,47.4,
Lynch, Daniel,L,91.2,90.2,,99.5,,12.5,44.4
Manning, Matt,R,91.2,91.5,,96,,42,79.2
Smith, Burch,R,91.1,,,97,,34.4,85.9
Kela, Keone,R,91.1,,,,,,48
Garrett, Braxton,L,91.1,81.4,,95.1,,37.1,78.3
Bubic, Kris,L,91.1,,,96.5,,,82.7
Reid-Foley, Sean,R,91.1,,,72.9,,35.3,
Effross, Scott,R,91.1,93.3,,90.6,,28.7,
Minaya, Juan,R,91,,,84.4,,19.9,
Iglesias, Raisel,R,91,90.9,,88.4,,30.7,
Morgan, Adam,L,90.9,88.9,,94.1,,27.5,50.9
Díaz, Yennsy,R,90.9,,,97.5,,21.5,
Funkhouser, Kyle,R,90.8,85.5,,92.7,,26.8,
Castillo, Diego,R,90.7,89,,,,15.4,
Scherzer, Max,R,90.7,,49.4,98.4,,25.4,67.3
Alcantara, Sandy,R,90.6,90.6,,87.9,,18.4,37.7
Happ, J.A.,L,90.6,82.7,,96.1,,25.7,42.4
Thielbar, Caleb,L,90.6,,,,,37.9,94.7
Gibaut, Ian,R,90.5,,,92.9,,28.3,
Phelps, David,R,90.5,91.9,61,,,,48.9
Kaprielian, James,R,90.5,89.5,,57.8,,25.9,59.4
Boxberger, Brad,R,90.5,,,90,,48.3,
Claudio, Alex,L,90.4,90.1,,97.1,,32.9,
Smith, Drew,R,90.4,,36.2,99.3,,,74.3
Yamamoto, Jordan,R,90.4,65.3,33.8,69.8,,54.8,
Montas, Frankie,R,90.3,89.2,,,,34.3,
Rasmussen, Drew,R,90.3,,,95.9,,27.1,69.5
Suarez, José,L,90.3,88.3,,81.6,,,51
Trivino, Lou,R,90.3,90.1,62.7,99.2,,,81.6
Alexander, Tyler,L,90.3,93,45.9,94,,28.4,
Wick, Rowan,R,90.2,,70.1,,,41.9,94.3
Sims, Lucas,R,90.2,,,,,35.5,54.6
Law, Derek,R,90.2,82.8,,98.6,,33.1,68.1
Ashby, Aaron,L,90.2,89.3,,82.2,,38,82.7
Sceroler, Mac,R,90.1,,,,,33.5,85.4
Knebel, Corey,R,90.1,,,,,,90.8
Jiménez, Joe,R,90.1,,,87.2,,25.8,
Murphy, Patrick,R,90,89.2,,,,,81.8
Cease, Dylan,R,90,,,86.6,,38.6,90.2
Burr, Ryan,R,90,,30.2,,,75.1,
Lamet, Dinelson,R,90,90.8,,88.7,,19.3,
Davidson, Tucker,L,90,,,,,32.9,71
Hearn, Taylor,L,90,87.9,,84.4,,36.4,
Ureña, José,R,90,86.2,,95.4,,28.2,
Green, Chad,R,90,,,,,,42.6
Parker, Blake,R,90,,68.8,,,,67.5
Duplantier, Jon,R,90,91.9,,99.3,,41,69.5
Floro, Dylan,R,89.9,92.1,,94.3,,39.5,
Phillips, Evan,R,89.9,,,64.1,,49.7,
Petit, Yusmeiro,R,89.7,,80.4,94,,,51.5
Moran, Jovani,L,89.7,,,84.1,,,
Reyes, Alex,R,89.7,88.1,,97.1,,33.1,96.4
Cessa, Luis,R,89.6,87.1,,80.3,,28.7,
Middleton, Keynan,R,89.6,,,77.6,,21.1,
Tomlin, Josh,R,89.6,,52.9,97.7,,,46.6
Cisnero, José,R,89.6,92.6,,96.5,,30.4,
McGowin, Kyle,R,89.5,89.2,,,,44.7,
Boyd, Matthew,L,89.5,88.9,,87.4,,31.5,93.6
Rodriguez, Jefry,R,89.4,87.8,,92,,,37.1
Quintana, José,L,89.4,90.6,,94.2,,,59.5
Martin, Corbin,R,89.4,,,71.3,,36.3,53.6
May, Trevor,R,89.3,,,95,,38.3,
Watkins, Spenser,R,89.3,,53.1,90.3,,,54.7
Graterol, Brusdar,R,89.1,86.5,46.1,,,33.2,
Kinley, Tyler,R,89.1,,,98.8,,33,
Reed, Cody,L,89.1,91.4,,,,29.9,
García, Edgar,R,89.1,85.8,,83.3,,33,
De Jong, Chase,R,89,,,98.4,,24.3,76.5
Soto, Gregory,L,88.9,90.8,,,,32.9,
Hatch, Thomas,R,88.9,91,31.6,54.3,,,
Martin, Brett,L,88.9,86.5,,,,40,42.5
Frankoff, Seth,R,88.8,,,99.3,,42,88.9
Sheffield, Jordan,R,88.8,,,99.5,,28.8,
Eflin, Zach,R,88.8,85.9,,98.1,,47.8,63.4
Garcia, Luis,R,88.7,,38,99.1,,56.6,80.7
Hentges, Sam,L,88.6,80.8,,,,18.4,83.9
Guerra, Junior,R,88.6,88.6,,,,36.7,51.2
Pagán, Emilio,R,88.5,,29.3,99.2,,,
Bundy, Dylan,R,88.5,90.8,,89.5,,33.7,79.7
Hand, Brad,L,88.5,90.6,,,,62.7,
Enns, Dietrich,L,88.4,,23.5,,,,
Minter, A.J.,L,88.4,,28.8,90,,,
Chapman, Aroldis,L,88.4,87.8,,,,45.7,
Pineda, Michael,R,88.3,,,94.1,,11.9,
Nelson, Kyle,L,88.2,,44.1,,,50.5,
King, Michael,R,88.2,85.2,,99.3,,36.4,59.6
Graveman, Kendall,R,88.2,92.4,,91.2,,32.5,68.3
Voth, Austin,R,88.1,,49.4,,,,74.9
Romero, JoJo,L,88.1,85.4,,94.3,,32.4,
Farrell, Luke,R,88.1,,,,,19.7,78.5
Fry, Jace,L,88.1,79.6,19.1,,,,63.8
Soria, Joakim,R,88.1,,,78.4,,73,98.4
Matzek, Tyler,L,88,,,,,50.6,72.9
Holloway, Jordan,R,88,86.5,,96.3,,31.1,72.9
Montgomery, Jordan,L,88,89.3,46.2,99.3,,,43.2
Wheeler, Zack,R,88,91,,97.2,,37,67.6
Jones, Nate,R,88,90.3,,,,14,
Mills, Alec,R,87.9,87.5,,85.8,,57.9,78.9
Young, Alex,L,87.9,81,40.1,85.4,,,17.8
Hanhold, Eric,R,87.9,80.3,,70,,57.2,
McHugh, Collin,R,87.8,,36.1,,,58.9,81.1
Stephan, Trevor,R,87.7,,,,,43.7,
Rogers, Trevor,L,87.7,,,91.2,,19.8,
Holland, Greg,R,87.7,,,,,38.3,59.3
Wilson, Bryse,R,87.6,88.2,,96.7,,33.5,71.9
Woodruff, Brandon,R,87.6,88.8,,89,,27.9,63
Garza Jr., Ralph,R,87.4,87.1,66.6,99.2,,58.8,62.3
Darvish, Yu,R,87.3,90.3,30.6,,,51.8,81.8
Maeda, Kenta,R,87.3,80.2,,,,20.5,74.2
Loáisiga, Jonathan,R,87.3,88.6,,96.3,,27,38
Yang, Hyeon-Jong,L,87.2,,,89.5,,30.5,81.6
Castillo, Luis,R,87.1,88.7,,86.9,,13.9,
Brentz, Jake,L,87.1,91.2,,94.7,,31,
Mantiply, Joe,L,87.1,90.6,,99.6,,,42.2
Ober, Bailey,R,87.1,,,99.3,,44,83.3
Patiño, Luis,R,87,76.8,,95.7,,40,55.7
Fulmer, Carson,R,87,,25.1,95.4,,,55.8
Corbin, Patrick,L,86.9,86.3,,97.1,,21.9,28.7
Winkler, Dan,R,86.9,81,58.5,,,,50.4
Chargois, JT,R,86.9,94.1,,,,19.8,
Peters, Dillon,L,86.8,85.7,,99.1,,,76.4
Barnes, Jacob,R,86.8,,44.7,88.8,,,
Barría, Jaime,R,86.7,88.2,,99.1,,34.9,
Pérez, Cionel,L,86.7,,,93.7,,45.7,
Ramírez, Erasmo,R,86.7,83.5,52.2,87.6,,,
Montero, Rafael,R,86.7,83.7,,88.6,,31.1,
Ramirez, Yohan,R,86.6,,,,,43.9,
Llovera, Mauricio,R,86.6,,,97.2,,53.8,
Buehler, Walker,R,86.5,83.3,46.2,93,,51.8,85.9
Treinen, Blake,R,86.5,90.3,39.6,,,39.5,
Menez, Conner,L,86.4,,,,,30.5,54.4
Bumgarner, Madison,L,86.3,88.6,45.8,96.9,,,64.7
Hendrix, Ryan,R,86.3,,,,,25.3,
Wright Jr., Mike,R,86.3,83.6,,95.4,,28.4,
Gibson, Kyle,R,86.3,83.3,51.8,85.2,,33.3,56.7
Bickford, Phil,R,86.2,,,,,43.8,
Jewell, Jake,R,86.2,82.1,,73.3,,25.6,
Warren, Art,R,86.2,,,,,35.9,
Sandoval, Patrick,L,86.2,86.5,,98.8,,33.2,65.6
Aguilar, Miguel,L,86.1,,,,,41.8,48
Peralta, Freddy,R,86.1,87.5,,93.3,,51,65.8
Morimando, Shawn,L,85.9,83.8,51.8,,,,74.6
Woodford, Jake,R,85.9,84.4,,97.2,,42.3,97.1
Marshall, Evan,R,85.9,92.1,,95.9,,,61.2
Miley, Wade,L,85.8,86.9,46.1,86.2,,31.1,66.1
Garza, Justin,R,85.8,92,46.5,93.9,,34.1,
Blackburn, Paul,R,85.8,85.9,44,79.6,,,82.1
Márquez, Germán,R,85.7,84.3,,93.1,,14.4,32.7
Neris, Héctor,R,85.7,88,,,,34.6,
Velasquez, Vince,R,85.7,80.2,,93.4,,34.4,71.2
Barraclough, Kyle,R,85.6,,,,,74.7,
Castro, Kervin,R,85.6,,,,,,85.6
Thompson, Ryan,R,85.6,90.4,25.4,,,70.4,
Keller, Mitch,R,85.5,,,96.5,,25.1,89.8
Thornton, Trent,R,85.5,,47.9,80.3,,35.2,66.2
Gustave, Jandel,R,85.4,83.2,,,,44.1,
Ross, Joe,R,85.4,83.6,,92.7,,27.8,
Guenther, Sean,L,85.4,,,97.4,,63,
Head, Louis,R,85.3,,,,,60,
Speier, Gabe,L,85.3,90.7,,,,30.5,
Bukauskas, J.B.,R,85.3,,,86.6,,20.6,
Puk, A.J.,L,85.3,87.5,,98.4,,17.5,
Zimmer, Kyle,R,85.3,,,90.1,,26.4,88.2
Andriese, Matt,R,85.3,77.9,20,24.3,,,70.8
Tice, Ty,R,85.2,,,,,44.3,68.8
Gilbreath, Lucas,L,85.1,,,,,39,
Ortega, Oliver,R,85.1,,,,,,70.4
Beasley, Jeremy,R,85.1,,,93.1,,42.2,
Dugger, Robert,R,85,86.8,,97.9,,34.8,65.3
Payamps, Joel,R,85,86.3,,79.9,,41.8,
Mazza, Chris,R,85,91,44.2,94.1,,52.4,
Fernández, Julian,R,84.9,,,65.9,,,
Gil, Luis,R,84.8,,,95.1,,37.3,
Suárez, Ranger,L,84.8,84.5,,94.1,,27.6,
Martínez, Carlos,R,84.4,82.5,52.4,83.7,,39.3,44.2
Newcomb, Sean,L,84.4,,22.6,,,,91.6
Almonte, Yency,R,84.4,86.7,,98.8,,39.5,
Civale, Aaron,R,84.4,82.6,48.1,,,44.1,78.9
Pomeranz, Drew,L,84.2,,,,,,75.8
Burdi, Zack,R,84.1,,,98.5,,23.4,
Valdez, César,R,84,85,,71.6,,39,
Diplán, Marcos,R,83.9,,,79.4,,,58.1
Hoyt, James,R,83.9,87.3,,,,15.3,
Widener, Taylor,R,83.9,,,93.4,,32.7,
Taillon, Jameson,R,83.8,86.5,,95.5,,40.8,74.8
Familia, Jeurys,R,83.8,81.7,,,,25.3,
Nance, Tommy,R,83.7,82.7,,,,45.3,70.3
Bassitt, Chris,R,83.7,88.3,49.8,95.8,,67.5,93.3
Eshelman, Thomas,R,83.7,79.7,,94.1,,43.5,70
Thompson, Mason,R,83.7,83.4,,,,31.4,
Kershaw, Clayton,L,83.6,,,99.2,,46,78.5
Rodriguez, Eduardo,L,83.5,85.1,48.1,89.8,,33.9,
Lindblom, Josh,R,83.5,89.6,50.3,98.8,,55.5,81.6
Davis, Wade,R,83.5,75.8,38.3,86.8,,,72.3
Kim, Kwang Hyun,L,83.5,87.7,,92.2,,38.1,66
Hutchison, Drew,R,83.4,,,84.2,,27.4,
Crismatt, Nabil,R,83.4,83.1,,79.2,,,99.2
Santana, Ervin,R,83.3,,,88.8,,31.4,
Gallen, Zac,R,83.2,,61,89.3,,42.7,74.2
Megill, Trevor,R,83.2,86.9,,,,31.5,59.1
Thompson, Keegan,R,83.2,,37.4,95.4,,,72.5
Perdomo, Angel,L,83.1,,,90.3,,47.4,
Hale, David,R,83,82.7,,94.2,,,38.5
Fulmer, Michael,R,82.9,84.2,,86,,47.7,79.3
Leone, Dominic,R,82.9,74.8,33.7,,,43.7,
Tyler, Kyle,R,82.8,,,,,25.7,
Norris, Daniel,L,82.7,,,76.7,,23.3,
Slegers, Aaron,R,82.6,83.6,,75.4,,21.3,
Sheffield, Justus,L,82.6,80.7,,72.6,,44.7,
Bolaños, Ronald,R,82.6,84.5,,,,41.6,62.7
Carrasco, Carlos,R,82.6,80.1,,68.5,,28.7,55.2
Sandlin, Nick,R,82.5,81.1,,,,54.1,
Fairbanks, Pete,R,82.5,,,,,43.5,
Knehr, Reiss,R,82.4,,38.2,99.2,,42.1,
Germán, Domingo,R,82.2,82.7,,85.5,,,27.1
Sewald, Paul,R,82.2,,,,,44.8,
Cleavinger, Garrett,L,82.2,,,,,56,
Otto, Glenn,R,82.1,,,98.5,,58.9,69.6
Coleman, Dylan,R,82,,,,,53.5,
McCaughan, Darren,R,81.9,81.4,,98.6,,39.6,
Senzatela, Antonio,R,81.8,83.1,,61.3,,40.8,63.1
Sherfy, Jimmie,R,81.8,,,,,56.8,
Kay, Anthony,L,81.8,,24.4,89.9,,52.6,72
Quijada, José,L,81.7,,,99.1,,63.5,
Mikolas, Miles,R,81.7,79.7,,96.2,,26.8,85.2
Taylor, Josh,L,81.6,83.3,,,,31,56.8
Yajure, Miguel,R,81.6,92,45.1,80,,48.5,88.8
Muller, Kyle,L,81.6,,,84,,20.4,71
Stewart, Kohl,R,81.5,77.7,51.9,85.9,,45.9,
Chatwood, Tyler,R,81.4,81.3,25.2,81.1,,,65.4
Romo, Sergio,R,81.2,85.7,,99.2,,48.6,
White, Mitch,R,81.2,,,91.8,,25.3,78
Helsley, Ryan,R,81,,34.5,96.1,,,62.6
Crowe, Wil,R,81,77.5,,58.3,,40.9,78.6
Wantz, Andrew,R,80.9,,38.2,77.9,,39.6,
Bielak, Brandon,R,80.9,76,45.9,91.8,,35,84.5
Adam, Jason,R,80.8,,,89.9,,48.1,75.9
Chacín, Jhoulys,R,80.8,80,,87.1,,41.9,47.4
Rogers, Tyler,R,80.7,78.6,,,,68.7,
Duffey, Tyler,R,80.7,86.6,,,,,59
Urías, Julio,L,80.7,80.9,,89.9,,,48.6
Zimmermann, Bruce,L,80.6,,,98.8,,19.8,41.6
Vincent, Nick,R,80.6,,44.5,96.3,,,
Ohtani, Shohei,R,80.5,,35.7,,,57.1,88.2
Miller, Justin,R,80.5,81,,,,49.9,
López, Pablo,R,80.2,83.5,57.2,90.5,,,68.5
Kelly, Merrill,R,80,77.1,66.9,79.1,,,67
Sánchez, Miguel,R,79.8,,,80.3,,27.8,
Guduan, Reymin,L,79.7,,,,,30.4,
Poteet, Cody,R,79.6,,,82.4,,30.6,62.9
Waddell, Brandon,L,79.6,85.7,,94.2,,23,
Flaherty, Jack,R,79.3,74.4,,75.9,,50.6,85.8
Campbell, Paul,R,79.3,,,92.4,,46.2,60.3
Biddle, Jesse,L,79.3,79,,,,53,86.9
Lynn, Lance,R,79.3,74.5,33,85.3,,,47.5
Medina, Adonis,R,79.2,81.6,,89.9,,30.7,42.6
Keuchel, Dallas,L,78.9,81.7,39.2,90.4,,26.8,
Greinke, Zack,R,78.7,84.4,,84.4,,42.2,76
Lakins Sr., Travis,R,78.5,80,52.8,89.9,,,76.7
Miller, Andrew,L,78.4,82.7,,,,65.1,
Webb, Logan,R,78,77.2,50,78.8,,54.8,
Manoah, Alek,R,77.9,78.6,,81.5,,50.2,
Castellanos, Humberto,R,77.4,78.6,,94.6,,53.3,68.7
Crick, Kyle,R,77.2,,,,,83.7,
Barlow, Scott,R,77.2,,,,,45.7,84.3
Williams, Taylor,R,77.2,70.6,,,,15.8,
Singer, Brady,R,77.2,83.9,,97.1,,26,
Junk, Janson,R,77.1,,,,,57.3,85.4
Wainwright, Adam,R,77.1,82,46.1,90.1,,,97
Raley, Brooks,L,77.1,79.4,40.2,86.3,,52.2,69
Strickland, Hunter,R,77,72.3,,84.8,,47.1,
Coulombe, Danny,L,77,72.2,,,,26,91.2
Armstrong, Shawn,R,76.7,,43.9,,,47.7,
Gray, Sonny,R,76.5,70.2,40.9,85.3,,65.4,88.5
Lester, Jon,L,76.4,73.2,55,71.2,,,66.4
Pruitt, Austin,R,76.2,,,,,25.3,58.6
Feltner, Ryan,R,76.1,,,58.5,,49,84.5
Saucedo, Tayler,L,76.1,78.8,,98.8,,16.3,66.9
Pressly, Ryan,R,75.8,,,,,28.5,72.9
Glasnow, Tyler,R,75.8,,,90.3,,32,76.1
Fried, Max,L,75.6,74.1,,85.7,,34.5,83.3
Scott, Tanner,L,75.5,80.9,,,,33.3,
Cishek, Steve,R,75.5,82.1,,,,79.4,
Freeland, Kyle,L,75.3,70,,91.2,,29.7,67.4
Junis, Jakob,R,75.2,79.8,43.6,81.2,,38,
Bard, Daniel,R,75.2,77.8,,93.6,,44.7,
Wendelken, J.B.,R,75.1,80.8,,99.4,,44.9,93.8
Hudson, Dakota,R,74.8,90.9,,,,36.6,62.3
Kluber, Corey,R,74.8,79.9,36.1,76.6,,,54.3
Thompson, Zach,R,74.8,76.3,29.4,73.6,,,71.6
Toussaint, Touki,R,74.6,72.8,,,,,85.9
Nelson, Jimmy,R,74.4,,,,,51.8,83
Selman, Sam,L,74.3,,,,,48,
Givens, Mychal,R,74.2,,,51.5,,31.6,
Harper, Ryne,R,74.2,,,,,54.3,79.4
Ramirez, Noé,R,74.1,,,71.6,,,66.8
Ottavino, Adam,R,73.9,76.1,30.4,77.3,,71.8,79.7
Anderson, Shaun,R,73.1,72.5,,,,36.6,
Taylor, Blake,L,73.1,,,,,45.8,
Rodríguez, Manuel,R,72.9,88,,,,46.4,
Bender, Anthony,R,72.8,75.3,,,,59.4,
Oviedo, Johan,R,72.6,,,93.5,,45.1,68.4
Madero, Luís,R,72.5,,,82.6,,38.2,
Ryan, Kyle,L,72.5,77.1,48.1,,,,44.4
Mejía, J.C.,R,71.9,70.6,,71.5,,44.9,85.9
Williams, Trevor,R,71.6,73.1,,89.6,,41,57.6
Castano, Daniel,L,71.3,67.7,,77.7,,25.6,
González, Chi Chi,R,71.1,69.6,31.3,85.7,,28.4,41.6
Stratton, Chris,R,71,,,74.9,,36.3,75.3
Hernandez, Darwinzon,L,70.9,,,,,35,75.4
Steele, Justin,L,70.9,71.7,,86.6,,54.9,75.8
Rosso, Ramón,R,70.2,,,,,34,
Wright, Kyle,R,70,74.5,,88.6,,31,75.3
Paredes, Enoli,R,69.9,,,,,53,
Cimber, Adam,R,69.7,73.3,,,,21.2,
García, Yimi,R,69.7,76.9,,94.3,,30.3,48.9
Keller, Brad,R,69.3,75.7,,82.6,,41.8,
Schmidt, Clarke,R,69,66.2,,59.6,,23.7,77.5
Minor, Mike,L,68.8,,,96.7,,26.6,76.9
O'Day, Darren,R,68.5,70.5,,,,27.4,
Melancon, Mark,R,68.3,,62.7,,,,78.3
Lovelady, Richard,L,67.8,66.5,,,,27.5,
Burnes, Corbin,R,67.8,71.4,52.7,77.6,,40.2,67.7
Fry, Paul,L,66.9,,,,,56.7,
Doval, Camilo,R,66.3,,,,,45.3,
Edwards Jr., Carl,R,66,,,,,,81.5
Fedde, Erick,R,65.9,75.4,45,88.8,,,64.1
Shaw, Bryan,R,65.3,,43.7,77.6,,52.3,89.7
Suter, Brent,L,65.2,83.5,,97.9,,,44.5
Valdez, Framber,L,63.9,68.6,,75.3,,,85.5
Musgrove, Joe,R,62.9,64.3,40.1,61.6,,56.8,76.5
Maton, Phil,R,62.7,,35.7,,,67.2,92.2
Houck, Tanner,R,62.4,71.3,,,,55.4,
Stroman, Marcus,R,62.1,58.7,28.9,,,52.9,71.6
Kittredge, Andrew,R,62.1,79.2,,,,31,
Adams, Austin,R,59.7,,,,,37.1,
Turnbull, Spencer,R,59.5,78.2,53.1,93.5,,34.7,80.6
Hartlieb, Geoff,R,57.6,64.9,,,,36.9,
Castro, Anthony,R,57.1,,,,,60,
Maples, Dillon,R,52.5,55.5,,,,53.3,80.2
Richards, Garrett,R,49.7,62,,86.3,,28.4,93.7